{
  "version": "v4",
  "repo": "borisyankov/DefinitelyTyped",
  "ref": "master",
  "path": "typings",
  "bundle": "typings/tsd.d.ts",
  "installed": {
    "jquery/jquery.d.ts": {
      "commit": "c5a2f44bab06cf9f2bcc14530171daac1cebff6c"
    },
    "bootstrap/bootstrap.d.ts": {
      "commit": "c5a2f44bab06cf9f2bcc14530171daac1cebff6c"
    },
    "handlebars/handlebars.d.ts": {
      "commit": "c5a2f44bab06cf9f2bcc14530171daac1cebff6c"
    },
    "q/Q.d.ts": {
      "commit": "c5a2f44bab06cf9f2bcc14530171daac1cebff6c"
    },
    "chai/chai.d.ts": {
      "commit": "fa8d9683f37d07ed79617a6e037916c6718aeb11"
    },
    "sinon/sinon.d.ts": {
      "commit": "fa8d9683f37d07ed79617a6e037916c6718aeb11"
    },
    "mocha/mocha.d.ts": {
      "commit": "fa8d9683f37d07ed79617a6e037916c6718aeb11"
    },
    "jquery.dataTables/jquery.dataTables.d.ts": {
      "commit": "67605e10f6eb01c9d4a0d13719d804d6dea9e1cb"
    },
    "highcharts/highcharts.d.ts": {
      "commit": "de1bfe2c1de921da660cc17a5af1de6c095b35eb"
    }
  }
}
