{
  "version": "v4",
  "repo": "borisyankov/DefinitelyTyped",
  "ref": "master",
  "path": "typings",
  "bundle": "typings/tsd.d.ts",
  "installed": {
    "sinon/sinon.d.ts": {
      "commit": "8f16b0fd1acd81a555b74f912da849dccc7c9a42"
    },
    "chai/chai.d.ts": {
      "commit": "8f16b0fd1acd81a555b74f912da849dccc7c9a42"
    },
    "mocha/mocha.d.ts": {
      "commit": "8f16b0fd1acd81a555b74f912da849dccc7c9a42"
    },
    "jquery/jquery.d.ts": {
      "commit": "7d2f0aa875cc3bc41f3567e3ff99d344df986155"
    }
  }
}
